,player_id,player_id_recipient,double,xPass
0,15570,221888,True,0.762966
0,15570,49938,True,0.693058
0,15570,25554,False,0.366960
0,15570,19416,False,0.552914
0,15570,15555,False,0.657698
0,49938,15570,True,0.840104
0,221888,15570,True,0.790634